Johan Andreasson, Johan, Johan@gmail.com, !aA12bnm@dfw
Anders Andersson, Anders, Anders@gmail.com, df@14Mngflkjn
Boris Johansson, Boris, boris, password
Joris Boström, Doris, Doris@gmil.com, df@14Mngflkjn
Bo Johansson, Bosse, Bo32@gmail.com, df@14Mngflkjn
Bernt Boelsson, Bernt, Bernt@outlook.com, Admin
Johnny Fredriksson, JohFred, 123456, df@14Mngflkjn